keyword,count,subreddit,rank
money,4315,All,1
bernie,3937,All,2
government,3743,All,3
life,2745,All,4
thought,2700,All,5
https,2652,All,6
last,2638,All,7
world,2619,All,8
enough,2584,All,9
find,2574,All,10
sanders,2549,All,11
hillary,2536,All,12
feel,2463,All,13
read,2420,All,14
little,2389,All,15
article,2347,All,16
both,2319,All,17
since,2313,All,18
used,2312,All,19
once,2307,All,20
though,2307,All,21
care,2302,All,22
help,2285,All,23
best,2280,All,24
mean,2271,All,25
again,2259,All,26
house,2251,All,27
another,2231,All,28
love,2210,All,29
kind,2208,All,30
house,1636,humor,1
find,1554,humor,2
life,1526,humor,3
enough,1517,humor,4
feel,1475,humor,5
best,1445,humor,6
little,1443,humor,7
used,1421,humor,8
money,1419,humor,9
thought,1375,humor,10
friend,1363,humor,11
again,1356,humor,12
help,1335,humor,13
once,1304,humor,14
nice,1303,humor,15
last,1302,humor,16
wife,1300,humor,17
since,1298,humor,18
instead,1297,humor,19
love,1273,humor,20
government,3351,news,1
bernie,3128,news,2
money,2896,news,3
sanders,2280,news,4
article,2277,news,5
hillary,2231,news,6
world,1787,news,7
https,1762,news,8
clinton,1743,news,9
obama,1700,news,10
both,1632,news,11
against,1619,news,12
country,1567,news,13
party,1567,news,14
news,1525,news,15
trump,1510,news,16
president,1501,news,17
great,1429,news,18
political,1395,news,19
bill,1395,news,20
